-- phpMyAdmin SQL Dump
-- version 4.0.10.6
-- http://www.phpmyadmin.net
--
-- Хост: 127.0.0.1:3306
-- Время создания: Дек 25 2016 г., 19:58
-- Версия сервера: 5.5.41-log
-- Версия PHP: 5.5.19

SET SQL_MODE = "NO_AUTO_VALUE_ON_ZERO";
SET time_zone = "+00:00";


/*!40101 SET @OLD_CHARACTER_SET_CLIENT=@@CHARACTER_SET_CLIENT */;
/*!40101 SET @OLD_CHARACTER_SET_RESULTS=@@CHARACTER_SET_RESULTS */;
/*!40101 SET @OLD_COLLATION_CONNECTION=@@COLLATION_CONNECTION */;
/*!40101 SET NAMES utf8 */;

--
-- База данных: `slavik`
--

-- --------------------------------------------------------

--
-- Структура таблицы `animal`
--

CREATE TABLE IF NOT EXISTS `animal` (
  `id` int(255) NOT NULL AUTO_INCREMENT,
  `name` varchar(255) NOT NULL,
  `kind_of_animal_id` int(10) NOT NULL,
  `breed_id` int(10) NOT NULL,
  `description` varchar(255) NOT NULL,
  `adress` varchar(255) NOT NULL,
  `date` int(11) NOT NULL,
  `id_user` int(10) NOT NULL,
  PRIMARY KEY (`id`),
  KEY `id_user` (`id_user`),
  KEY `kind_of_animal_id` (`kind_of_animal_id`),
  KEY `kind_of_animal_id_2` (`kind_of_animal_id`),
  KEY `kind_of_animal_id_3` (`kind_of_animal_id`),
  KEY `kind_of_animal_id_4` (`kind_of_animal_id`),
  KEY `kind_of_animal_id_5` (`kind_of_animal_id`),
  KEY `breed_id` (`breed_id`)
) ENGINE=InnoDB  DEFAULT CHARSET=utf8 AUTO_INCREMENT=191 ;

--
-- Дамп данных таблицы `animal`
--

INSERT INTO `animal` (`id`, `name`, `kind_of_animal_id`, `breed_id`, `description`, `adress`, `date`, `id_user`) VALUES
(185, 'Тайсон', 30, 22, 'аіфвафівафіва', 'Львів', 14345623, 189),
(186, 'Ярослав', 32, 188, 'dsfsdfsdf', 'Львів', 1482669383, 189),
(187, 'Рекс', 30, 189, 'фііфв', 'Львів', 1482669487, 189),
(188, 'Худоба', 34, 184, 'уцкцукцук', 'Львів', 1482672022, 189),
(189, 'asd', 32, 185, 'іваіва', 'Львів', 1482672112, 189),
(190, 'іва', 33, 185, 'фівфів', 'Львів', 1482672170, 189);

-- --------------------------------------------------------

--
-- Структура таблицы `animal_breed`
--

CREATE TABLE IF NOT EXISTS `animal_breed` (
  `id` int(10) NOT NULL AUTO_INCREMENT,
  `breed` varchar(255) NOT NULL,
  `kind_of_animal_id` int(10) NOT NULL,
  PRIMARY KEY (`id`),
  KEY `id` (`id`),
  KEY `kind_of_animal_id` (`kind_of_animal_id`),
  KEY `kind_of_animal_id_2` (`kind_of_animal_id`)
) ENGINE=InnoDB  DEFAULT CHARSET=utf8 AUTO_INCREMENT=236 ;

--
-- Дамп данных таблицы `animal_breed`
--

INSERT INTO `animal_breed` (`id`, `breed`, `kind_of_animal_id`) VALUES
(22, 'Аффенпинчер', 30),
(23, 'Афганская борзая', 30),
(24, 'Акита', 30),
(25, 'Аляскинский маламут', 30),
(26, 'Американский эскимосский шпиц', 30),
(27, 'Американская паратая гончая', 30),
(28, 'Американский стаф. терьер', 30),
(29, 'Американский водный спаниель', 30),
(30, 'Анатолийская овчарка', 30),
(31, 'Австралийский терьер', 30),
(32, 'Австралийская овчарка', 30),
(33, 'Австралийский кеттл дог', 30),
(34, 'Английский кокер-спаниель', 30),
(35, 'Английский фоксхаунд', 30),
(36, 'Английский сеттер', 30),
(37, 'Английский спрингер-спаниель', 30),
(38, 'Американский той-фокстерьер', 30),
(39, 'Английский той-терьер', 30),
(40, 'Басенджи', 30),
(41, 'Бельгийская овчарка тервюрен', 30),
(42, 'Бельгийская овчарка малинуа', 30),
(43, 'Бельгийский грюнендаль', 30),
(44, 'Бассет-хаунд', 30),
(45, 'Большой швейцарский зенненхунд', 30),
(46, 'Бладхаунд', 30),
(47, 'Бишон фризе', 30),
(48, 'Бигль', 30),
(49, 'Бостон-терьер', 30),
(50, 'Боксер', 30),
(51, 'Бриар', 30),
(52, 'Бордоский дог', 30),
(53, 'Бернский зенненхунд', 30),
(54, 'Бородатый колли', 30),
(55, 'Бульдог', 30),
(56, 'Босерон', 30),
(57, 'Бретонский спаниель', 30),
(58, 'Бедлингтон-терьер', 30),
(59, 'Бордер колли', 30),
(60, 'Бордер терьер', 30),
(61, 'Брюссельский гриффон', 30),
(62, 'Бульмастиф', 30),
(63, 'Бультерьер', 30),
(64, 'Бишон-лион', 30),
(65, 'Бобтейл', 30),
(66, 'Вельш корги пемброк', 30),
(67, 'Вандейский бассет-гриффон', 30),
(68, 'Вест хайленд уайт терьер', 30),
(69, 'Вельш-спрингер-спаниель', 30),
(70, 'Венгерская выжла', 30),
(71, 'Веймаранер', 30),
(72, 'Вельш-терьер', 30),
(73, 'Гладкошерстный фокстерьер', 30),
(74, 'Глен оф Имаал терьер', 30),
(75, 'Гаванский бишон', 30),
(76, 'Грейхаунд', 30),
(77, 'Грифон кортальса', 30),
(78, 'Дратхаар', 30),
(79, 'Далматинец', 30),
(80, 'Доберман-пинчер', 30),
(81, 'Денди-динмонт-терьер', 30),
(82, 'Джек-рассел-терьер', 30),
(83, 'Дирхаунд', 30),
(84, 'Золотистый ретривер', 30),
(85, 'Ивисская борзая', 30),
(86, 'Жесткошерстный фокстерьер', 30),
(87, 'Ирландский сеттер', 30),
(88, 'Ирландский терьер', 30),
(89, 'Ирландский водяной спаниель', 30),
(90, 'Ирландский волкодав', 30),
(91, 'Итальянский спиноне', 30),
(92, 'Йоркширский терьер', 30),
(93, 'Кардиган вельш корги', 30),
(94, 'Керн терьер', 30),
(95, 'Кинг чарльз спаниель', 30),
(96, 'Кламбер-спаниель', 30),
(97, 'Кавалер кинг чарльз спаниель', 30),
(98, 'Кокер-спаниель', 30),
(99, 'Колли', 30),
(100, 'Комондор', 30),
(101, 'Китайская хохлатая собачка', 30),
(102, 'Кеесхонд', 30),
(103, 'Керри-блю-терьер', 30),
(104, 'Кувас', 30),
(105, 'Курчавошерстный ретривер', 30),
(106, 'Карликовый пудель', 30),
(107, 'Левретка', 30),
(108, 'Лабрадор ретривер', 30),
(109, 'Лейкленд-терьер', 30),
(110, 'Лхаса Апсо', 30),
(111, 'Мастиф', 30),
(112, 'Манчестер-терьер', 30),
(113, 'Мальтийская болонка', 30),
(114, 'Миниатюрный бультерьер', 30),
(115, 'Миниатюрный пинчер', 30),
(116, 'Миниатюрный пудель', 30),
(117, 'Мягкошерстный пшеничный терьер', 30),
(118, 'Миниатюрный шнауцер', 30),
(119, 'Мопс', 30),
(120, 'Немецкая овчарка', 30),
(121, 'Норвежский элкхаунд', 30),
(122, 'Немецкий пинчер', 30),
(123, 'Немецкий курцхаар', 30),
(124, 'Немецкий дог', 30),
(125, 'Новошотландский ретривер', 30),
(126, 'Ньюфаундленд', 30),
(127, 'Неаполитанский мастиф', 30),
(128, 'Норфолк терьер', 30),
(129, 'Норвич терьер', 30),
(130, 'Оттерхаунд', 30),
(131, 'Пули', 30),
(132, 'Пиренейская горная собака', 30),
(133, 'Прямошерстный ретривер', 30),
(134, 'Папильон', 30),
(135, 'Пекинес', 30),
(136, 'Плотт-хаунд', 30),
(137, 'Парсон-рассел-терьер', 30),
(138, 'Пойнтер', 30),
(139, 'Померанский шпиц', 30),
(140, 'Польская низинная овчарка', 30),
(141, 'Португальская водяная собака', 30),
(142, 'Пудель', 30),
(143, 'Русская борзая', 30),
(144, 'Ризеншнауцер', 30),
(145, 'Русский черный терьер', 30),
(146, 'Ротвейлер', 30),
(147, 'Родезийский риджбек', 30),
(148, 'Сенбернар', 30),
(149, 'Стаффордширский бультерьер', 30),
(150, 'Салюки', 30),
(151, 'Самоедская собака', 30),
(152, 'Скотч-терьер', 30),
(153, 'Силихем-терьер<br />', 30),
(154, 'Сибирский хаски', 30),
(155, 'Силки-терьер', 30),
(156, 'Скай-терьер', 30),
(157, 'Суссекс-спаниель', 30),
(158, 'Такса', 30),
(159, 'Тибетский мастиф', 30),
(160, 'Тибетский спаниель', 30),
(161, 'Тибетский терьер', 30),
(162, 'Уиппет', 30),
(163, 'Филд-спаниель', 30),
(164, 'Финский шпиц', 30),
(165, 'Французский бульдог', 30),
(166, 'Фландрский бувье', 30),
(167, 'Фараонова собака', 30),
(168, 'Ханаанская собака', 30),
(169, 'Черно-подпалый кунхаунд', 30),
(170, 'Харьер', 30),
(171, 'Чесапик бей ретривер', 30),
(172, 'Чау-чау', 30),
(173, 'Чихуахуа', 30),
(174, 'Шарпей', 30),
(175, 'Шотландский сеттер', 30),
(176, 'Шипперке', 30),
(177, 'Шелти<br />', 30),
(178, 'Шиба ину', 30),
(179, 'Ши-тцу', 30),
(180, 'Шнауцер', 30),
(181, 'Шведский вальхунд', 30),
(182, 'Эрдельтерьер', 30),
(183, 'Японский хин', 30),
(184, 'Канарка', 32),
(185, 'Папуга', 32),
(186, 'Папуга', 32),
(187, 'Голуб', 32),
(188, 'Сова', 32),
(189, 'Орел', 32),
(190, 'Змія', 35),
(191, 'Черепаха', 35),
(192, 'Кролик', 33),
(193, 'Тхір', 33),
(194, 'Морська свинка', 33),
(195, 'Хом''як', 33),
(196, 'Шиншила', 33),
(199, 'Велика рогата Худоба', 34),
(200, 'Мала рогата Худоба', 34),
(203, 'Кінь', 34),
(204, 'Баран', 34),
(205, 'Абіссинська кішка', 31),
(206, 'Американський бобтейл', 31),
(207, 'Американський керл', 31),
(208, 'Бенгальський кіт', 31),
(209, 'Британський короткошерстий кіт', 31),
(210, 'Бурманський кіт', 31),
(211, 'Гімалайський кіт', 31),
(212, 'Девон рекс', 31),
(213, 'Донський сфінкс', 31),
(214, 'Єгипетський мау', 31),
(215, 'Канадський сфінкс', 31),
(216, 'Корніш рекс', 31),
(217, 'Курильський бобтейл', 31),
(218, 'Мейн-кун', 31),
(219, 'Менкс', 31),
(220, 'Невська маскарадна', 31),
(221, 'Нібелунг', 31),
(222, 'Норвезький лісовий кіт', 31),
(223, 'Орієнтальна кішка', 31),
(224, 'Персидський кіт', 31),
(225, 'Російський блакитний кіт', 31),
(226, 'Саванна', 31),
(227, 'Сибірський кіт', 31),
(228, 'Сіамський кіт', 31),
(229, 'Сомалійська кішка', 31),
(230, 'Тойгер', 31),
(231, 'Турецька ангора', 31),
(232, 'Турецький ван', 31),
(233, 'Уральський рекс', 31),
(234, 'Шотландський висловухий кіт', 31),
(235, 'Безпородний', 31);

-- --------------------------------------------------------

--
-- Структура таблицы `animal_foto`
--

CREATE TABLE IF NOT EXISTS `animal_foto` (
  `id` int(10) NOT NULL AUTO_INCREMENT,
  `url` varchar(255) NOT NULL,
  `Id_animal` int(10) NOT NULL,
  PRIMARY KEY (`id`),
  KEY `Id_animal` (`Id_animal`)
) ENGINE=InnoDB  DEFAULT CHARSET=utf8 AUTO_INCREMENT=21 ;

--
-- Дамп данных таблицы `animal_foto`
--

INSERT INTO `animal_foto` (`id`, `url`, `Id_animal`) VALUES
(1, '3EzG/2250170307.jpg', 186),
(2, '3EzG/2250170429.jpg', 186),
(3, '3EzG/Rockport-Mens-Summer-Style-Thong-SandalBlack9-M-US-0.jpg', 186),
(4, 'Ry5F/FW13_M_V75276_EWCHUKKA_MAIN-1000x1000.jpg', 187),
(5, 'Ry5F/FW13_M_V75276_EWCHUKKA_LS-1000x1000.jpg', 187),
(6, 'Ry5F/FW13_M_V75276_EWCHUKKA_O-1000x1000.jpg', 187),
(7, 'Ry5F/FW13_M_V75276_EWCHUKKA_RS-1000x1000.jpg', 187),
(8, 'Ry5F/FW13_M_V75276_EWCHUKKA_T-1000x1000.jpg', 187),
(9, 'hyRi/2746608642.jpg', 188),
(10, 'hyRi/2746608652.jpg', 188),
(11, 'hyRi/$_3 (3).jpg', 188),
(12, 'hyRi/$_3 (2).jpg', 188),
(13, 'hyRi/$_3 (1).jpg', 188),
(14, 'hyRi/$_3.jpg', 188),
(15, 'e4YD/2746608642.jpg', 189),
(16, 'e4YD/2746608652.jpg', 189),
(17, 'e4YD/$_3 (3).jpg', 189),
(18, 'e4YD/$_3 (2).jpg', 189),
(19, 'e4YD/$_3 (1).jpg', 189),
(20, 'e4YD/$_3.jpg', 189);

-- --------------------------------------------------------

--
-- Структура таблицы `animal_kind_of_animal`
--

CREATE TABLE IF NOT EXISTS `animal_kind_of_animal` (
  `id` int(10) NOT NULL AUTO_INCREMENT,
  `kind_of_animal` varchar(255) NOT NULL,
  PRIMARY KEY (`id`)
) ENGINE=InnoDB  DEFAULT CHARSET=utf8 AUTO_INCREMENT=36 ;

--
-- Дамп данных таблицы `animal_kind_of_animal`
--

INSERT INTO `animal_kind_of_animal` (`id`, `kind_of_animal`) VALUES
(30, 'Собака'),
(31, 'Кішка'),
(32, 'Птиця'),
(33, 'Гризун'),
(34, 'Худоба'),
(35, 'Рептилія');

-- --------------------------------------------------------

--
-- Структура таблицы `user`
--

CREATE TABLE IF NOT EXISTS `user` (
  `id` int(40) NOT NULL AUTO_INCREMENT,
  `email` varchar(255) NOT NULL,
  `username` varchar(255) NOT NULL,
  `password` varchar(255) NOT NULL,
  `name` varchar(255) NOT NULL,
  `numberPhone` varchar(255) NOT NULL,
  PRIMARY KEY (`id`),
  UNIQUE KEY `id` (`id`)
) ENGINE=InnoDB  DEFAULT CHARSET=utf8 AUTO_INCREMENT=193 ;

--
-- Дамп данных таблицы `user`
--

INSERT INTO `user` (`id`, `email`, `username`, `password`, `name`, `numberPhone`) VALUES
(189, 's.ivanjura@gmail.com', 'slavko89', '81dc9bdb52d04dc20036dbd8313ed055', 'Slavko89', ''),
(190, 'test@i.ua1', 'tut282', '81dc9bdb52d04dc20036dbd8313ed055', 'Slavko89', '+380983547704'),
(191, 'myshoproom@ukr.net', 'vetal1988', '827ccb0eea8a706c4c34a16891f84e7b', 'веталь', '+380983547705'),
(192, 'roman@ukr.net', 'roman1989', 'b179a9ec0777eae19382c14319872e1b', 'Роман', '+380983667705');

--
-- Ограничения внешнего ключа сохраненных таблиц
--

--
-- Ограничения внешнего ключа таблицы `animal`
--
ALTER TABLE `animal`
  ADD CONSTRAINT `animal_ibfk_1` FOREIGN KEY (`kind_of_animal_id`) REFERENCES `animal_kind_of_animal` (`id`),
  ADD CONSTRAINT `animal_ibfk_2` FOREIGN KEY (`id_user`) REFERENCES `user` (`id`),
  ADD CONSTRAINT `animal_ibfk_3` FOREIGN KEY (`breed_id`) REFERENCES `animal_breed` (`id`);

--
-- Ограничения внешнего ключа таблицы `animal_breed`
--
ALTER TABLE `animal_breed`
  ADD CONSTRAINT `animal_breed_ibfk_1` FOREIGN KEY (`kind_of_animal_id`) REFERENCES `animal_kind_of_animal` (`id`);

--
-- Ограничения внешнего ключа таблицы `animal_foto`
--
ALTER TABLE `animal_foto`
  ADD CONSTRAINT `animal_foto_ibfk_1` FOREIGN KEY (`Id_animal`) REFERENCES `animal` (`id`);

/*!40101 SET CHARACTER_SET_CLIENT=@OLD_CHARACTER_SET_CLIENT */;
/*!40101 SET CHARACTER_SET_RESULTS=@OLD_CHARACTER_SET_RESULTS */;
/*!40101 SET COLLATION_CONNECTION=@OLD_COLLATION_CONNECTION */;
